{"cameraMode":{"drawMode":0,"name":"Shaded","section":"Shading Mode"},"sceneLighting":false,"audioPlay":false,"sceneViewState":{"m_AlwaysRefresh":false,"showFog":true,"showSkybox":false,"showFlares":true,"showImageEffects":true,"showParticleSystems":true,"showVisualEffectGraphs":true,"m_FxEnabled":true},"in2DMode":false,"pivot":{"x":-3.944301128387451,"y":1.9124748706817628,"z":4.747602462768555},"rotation":{"x":0.18932443857192994,"y":-0.058892570436000827,"z":0.011339562013745308,"w":0.980139434337616},"size":1.611262559890747,"orthographic":false}