{"cameraMode":{"drawMode":0,"name":"Shaded","section":"Shading Mode"},"sceneLighting":true,"audioPlay":false,"sceneViewState":{"m_AlwaysRefresh":false,"showFog":true,"showSkybox":true,"showFlares":true,"showImageEffects":true,"showParticleSystems":true,"showVisualEffectGraphs":true,"m_FxEnabled":true},"in2DMode":false,"pivot":{"x":-3.2684757709503176,"y":3.0326759815216066,"z":3.8179948329925539},"rotation":{"x":-0.5613270998001099,"y":-0.05156317725777626,"z":0.03507612645626068,"w":-0.8252444863319397},"size":1.405432105064392,"orthographic":false}