{"cameraMode":{"drawMode":0,"name":"Shaded","section":"Shading Mode"},"sceneLighting":false,"audioPlay":false,"sceneViewState":{"m_AlwaysRefresh":false,"showFog":true,"showSkybox":false,"showFlares":true,"showImageEffects":true,"showParticleSystems":true,"showVisualEffectGraphs":true,"m_FxEnabled":true},"in2DMode":false,"pivot":{"x":5.144999980926514,"y":0.9399999976158142,"z":4.670000076293945},"rotation":{"x":-0.08409799635410309,"y":0.051390670239925387,"z":-0.0043449099175632,"w":-0.9951269626617432},"size":0.4330127239227295,"orthographic":false}